{
	"name": "YourControllerNameHere",
	"espPins": [
		{
			"pin": 5,
			"inverted": false,
			"attachedDevice": "light"
		},
		{
			"pin": 23,
			"inverted": false,
			"attachedDevice": "light"
		}
	],
	"fn": [
		{
			"name": "status",
			"device": "espPin",
			"pin": 23
		}
	],
	"locos": [
		{
			"address": 1,
			"name": "YC7939",
			"speedStep": 10,
			"brakeStep": 20,
			"bleHubs": [
				{
					"type": "SBrick",
					"address": "00:07:80:d0:47:43",
					"channels": [
						{
							"channel": "B",
							"attachedDevice": "light",
							"direction": "forward"
						},
						{
							"channel": "D",
							"attachedDevice": "motor",
							"direction": "forward"
						}
					]
				}
			],
			"fn": [
				{
					"name": "f2",
					"device": "bleHub",
					"address": "00:07:80:d0:47:43",
					"channel": "B"
				},
				{
					"name": "f4",
					"device": "espPin",
					"pin": 5
				}
			]
		},
		{
			"address": 2,
			"name": "BC60052",
			"speedStep": 10,
			"brakeStep": 20,
			"bleHubs": [
				{
					"type": "SBrick",
					"address": "88:6b:0f:23:78:10",
					"channels": [
						{
							"channel": "B",
							"attachedDevice": "motor",
							"direction": "forward"
						},
						{
							"channel": "D",
							"attachedDevice": "light",
							"direction": "forward"
						}
					]
				}
			]
		},
		{
			"address": 3,
			"name": "PT60197",
			"speedStep": 8,
			"brakeStep": 50,
			"bleHubs": [
				{
					"type": "PU",
					"address": "90:84:2b:07:13:7f",
					"channels": [
						{
							"channel": "A",
							"attachedDevice": "motor",
							"direction": "forward"
						},
						{
							"channel": "B",
							"attachedDevice": "motor",
							"direction": "reverse"
						}
					]
				}
			]
		}
	]
}