{
	"logging": {
		/* 
			The minimum log level to output to serial/syslog.
			-"min_level":			"debug", "info", "warning", "error", "fatal" (optional, default: info).
		*/
		"min_level": "info",
		"serial": {
			/* 
				Configure logging to serial monitor:
				- "enabled":		true or false (optional, default: true) .
			*/
			"enabled": true
		},
		"syslog": {
			/* 
				Configure logging to syslog:
				- "enabled":		true or false (optional, default: false).
				- "server": 		Your syslog server IP address (required if enabled).
				- "port": 			Your syslow server port number (optional, default: 514).
				- "appname":		The app name used by the controller when logging to syslog (required if enabled).
			*/
			"enabled": true,
			"server": "192.168.x.y",
			"port": 514,
			"appname": "MTC4BT"
		}
	},
	"wifi": {
		/*
			Configure your WiFi network:
			- "SSID":				SSID of your WiFi network (required).
			- "password":			Password required to connect to your WiFi network (required).
			- "hostname":			Hostname used by this controller on your WiFi network (optional, default: generated controller name).
			- "otaPassword":		Password required to update this controller over-the-air (required).
			- "wait":				Delay in milliseconds between WiFi connect attempts (optional, default: 500).
		*/
		"SSID": "xxxxxx",
		"password": "xxxxxx",
		"hostname": "mtc4bt",
		"otaPassword": "xxxxxx",
		"wait": 500
	},
	"mqtt": {
		/*
			Configure your MQTT broker:
			- "broker": 			Your MQTT broker IP address (required).
			- "port": 				Your MQTT broker port number (required).
			- "keepalive": 			Keep alive timeout (optional).
			- "ping": 				Ping delay in seconds (optional, 0 = no ping).
		*/
		"broker": "192.168.x.y",
		"port": 1883,
		"keepalive": 10,
		"ping": 0
	}
}