{
  "name": "Syslog",
  "keywords": "syslog,log,rfc5424,rfc3164,udp,ethernet,wifi,logging",
  "description": "A library for logging to Syslog server over UDP protocol. Both IETF (RFC 5424) and BSD (RFC 3164) Syslog message formats are supported.",
  "repository":
  {
    "type": "git",
    "url": "https://github.com/arcao/Syslog.git"
  },
  "version": "2.0.0",
  "examples": "examples/*/*.ino",
  "frameworks": "arduino",
  "platforms": [
    "atmelavr",
    "atmelsam",
    "espressif8266",
    "espressif32"
  ] 
}